{"RuleTriggered": 49, "Violations": 49, "Details": {"algo-1": {"cpu": {"p25": 37.41875, "p50": 46.25, "p75": 48.01, "p95": 50.48875, "upper": 63.896874999999994, "lower": 21.53187500000001}, "gpu0": {"p25": 0.0, "p50": 0.0, "p75": 0.0, "p95": 0.0, "upper": 0.0, "lower": 0.0}, "gpu0_memory": {"p25": 0.0, "p50": 0.0, "p75": 0.0, "p95": 0.0, "upper": 0.0, "lower": 0.0}}, "last_timestamp": 1672934580000000}, "Datapoints": 6866, "RuleParameters": "cpu_threshold_p95:70\ngpu_threshold_p95:70\ngpu_memory_threshold_p95:70\npatience:1000\nwindow:500"}