{"RuleTriggered": 1, "Violations": 1, "Details": {"pin_memory": false, "num_workers": 0, "cores": 8, "dataloaders": 1, "dataloading_time": {"p25": 3.5521255, "p50": 3.658748, "p95": 4.006474, "probs": [1, 0, 0, 0, 0, 0, 0, 0, 1, 0, 0, 0, 0, 0, 0, 0, 0, 0, 0, 0, 0, 0, 0, 0, 0, 0, 0, 0, 0, 0, 0, 0, 1, 0, 0, 0, 0, 0, 0, 0, 1, 0, 1, 0, 0, 0, 0, 0, 0, 0, 0, 1, 0, 0, 0, 2, 0, 0, 0, 0, 0, 0, 0, 0, 1, 0, 0, 0, 0, 0, 0, 0, 0, 0, 0, 0, 0, 0, 0, 0, 0, 0, 0, 0, 0, 0, 0, 0, 0, 0, 0, 0, 0, 0, 0, 0, 0, 0, 0, 2], "binedges": [3.29002, 3.29718454, 3.30434908, 3.3115136200000004, 3.31867816, 3.3258427, 3.33300724, 3.3401717800000004, 3.34733632, 3.35450086, 3.3616654, 3.3688299400000004, 3.37599448, 3.38315902, 3.39032356, 3.3974881000000003, 3.40465264, 3.41181718, 3.41898172, 3.4261462600000003, 3.4333108, 3.44047534, 3.44763988, 3.4548044200000003, 3.46196896, 3.4691335, 3.47629804, 3.4834625800000003, 3.49062712, 3.49779166, 3.5049562, 3.5121207400000003, 3.51928528, 3.52644982, 3.53361436, 3.5407789000000003, 3.54794344, 3.55510798, 3.56227252, 3.5694370600000003, 3.5766016, 3.58376614, 3.59093068, 3.5980952200000003, 3.60525976, 3.6124243, 3.61958884, 3.6267533800000002, 3.63391792, 3.64108246, 3.648247, 3.6554115400000002, 3.66257608, 3.66974062, 3.67690516, 3.6840697000000002, 3.69123424, 3.6983987799999998, 3.70556332, 3.71272786, 3.7198924, 3.7270569399999998, 3.73422148, 3.74138602, 3.74855056, 3.7557150999999998, 3.76287964, 3.77004418, 3.77720872, 3.7843732599999997, 3.7915378, 3.79870234, 3.80586688, 3.8130314199999997, 3.82019596, 3.8273605, 3.83452504, 3.8416895799999997, 3.84885412, 3.85601866, 3.8631832, 3.8703477399999997, 3.87751228, 3.88467682, 3.89184136, 3.8990058999999997, 3.90617044, 3.91333498, 3.92049952, 3.9276640599999997, 3.9348286, 3.94199314, 3.94915768, 3.9563222199999997, 3.96348676, 3.9706513, 3.97781584, 3.9849803799999997, 3.99214492, 3.99930946, 4.006474]}}, "Datapoints": 11, "RuleParameters": "min_threshold:70\nmax_threshold:200"}