{"RuleTriggered": 0, "Violations": 215, "Details": {"low_gpu_utilization": 6867, "bottlenecks": {"1672934628.000969": {"GPUs": 1, "CPUs": 1}, "1672934629.000938": {"GPUs": 1, "CPUs": 1}, "1672934655.500926": {"GPUs": 1, "CPUs": 2}, "1672934656.500884": {"GPUs": 1, "CPUs": 1}, "1672934658.500926": {"GPUs": 1, "CPUs": 1}, "1672934659.500986": {"GPUs": 1, "CPUs": 1}, "1672934660.000931": {"GPUs": 1, "CPUs": 1}, "1672934661.500937": {"GPUs": 1, "CPUs": 1}, "1672934662.5009": {"GPUs": 1, "CPUs": 1}, "1672934663.000872": {"GPUs": 1, "CPUs": 1}, "1672934663.500898": {"GPUs": 1, "CPUs": 1}, "1672934665.500905": {"GPUs": 1, "CPUs": 1}, "1672934666.000906": {"GPUs": 1, "CPUs": 1}, "1672934667.000893": {"GPUs": 1, "CPUs": 1}, "1672934673.500906": {"GPUs": 1, "CPUs": 1}, "1672934674.000899": {"GPUs": 1, "CPUs": 1}, "1672934674.50091": {"GPUs": 1, "CPUs": 1}, "1672934675.500929": {"GPUs": 1, "CPUs": 1}, "1672934676.500904": {"GPUs": 1, "CPUs": 1}, "1672934708.000907": {"GPUs": 1, "CPUs": 1}, "1672934708.500938": {"GPUs": 1, "CPUs": 1}, "1672934709.00091": {"GPUs": 1, "CPUs": 1}, "1672934709.500903": {"GPUs": 1, "CPUs": 1}, "1672934710.000862": {"GPUs": 1, "CPUs": 1}, "1672934711.000904": {"GPUs": 1, "CPUs": 1}, "1672934712.000918": {"GPUs": 1, "CPUs": 1}, "1672934712.500899": {"GPUs": 1, "CPUs": 1}, "1672934713.500917": {"GPUs": 1, "CPUs": 1}, "1672934714.000904": {"GPUs": 1, "CPUs": 1}, "1672934714.500913": {"GPUs": 1, "CPUs": 1}, "1672934715.000955": {"GPUs": 1, "CPUs": 1}, "1672934759.000924": {"GPUs": 1, "CPUs": 1}, "1672934760.000937": {"GPUs": 1, "CPUs": 1}, "1672934765.000971": {"GPUs": 1, "CPUs": 1}, "1672934765.500935": {"GPUs": 1, "CPUs": 1}, "1672934768.500912": {"GPUs": 1, "CPUs": 1}, "1672934770.000916": {"GPUs": 1, "CPUs": 1}, "1672934773.000909": {"GPUs": 1, "CPUs": 1}, "1672934773.500878": {"GPUs": 1, "CPUs": 1}, "1672934774.000921": {"GPUs": 1, "CPUs": 1}, "1672934774.500908": {"GPUs": 1, "CPUs": 1}, "1672934775.000896": {"GPUs": 1, "CPUs": 1}, "1672934775.500895": {"GPUs": 1, "CPUs": 1}, "1672934776.000965": {"GPUs": 1, "CPUs": 1}, "1672934777.000899": {"GPUs": 1, "CPUs": 1}, "1672934781.000931": {"GPUs": 1, "CPUs": 1}, "1672934781.500904": {"GPUs": 1, "CPUs": 1}, "1672934782.000899": {"GPUs": 1, "CPUs": 2}, "1672934782.500905": {"GPUs": 1, "CPUs": 1}, "1672934783.00088": {"GPUs": 1, "CPUs": 1}, "1672934784.000906": {"GPUs": 1, "CPUs": 1}, "1672934784.50092": {"GPUs": 1, "CPUs": 1}, "1672934785.000913": {"GPUs": 1, "CPUs": 1}, "1672934785.500904": {"GPUs": 1, "CPUs": 1}, "1672934796.000939": {"GPUs": 1, "CPUs": 1}, "1672934802.000908": {"GPUs": 1, "CPUs": 2}, "1672934802.500913": {"GPUs": 1, "CPUs": 1}, "1672934803.000885": {"GPUs": 1, "CPUs": 2}, "1672934836.500904": {"GPUs": 1, "CPUs": 1}, "1672934837.500906": {"GPUs": 1, "CPUs": 1}, "1672934838.00091": {"GPUs": 1, "CPUs": 1}, "1672934838.500911": {"GPUs": 1, "CPUs": 1}, "1672934839.000917": {"GPUs": 1, "CPUs": 1}, "1672934839.500913": {"GPUs": 1, "CPUs": 1}, "1672934849.000911": {"GPUs": 1, "CPUs": 1}, "1672934849.500909": {"GPUs": 1, "CPUs": 2}, "1672934850.000906": {"GPUs": 1, "CPUs": 1}, "1672934853.000927": {"GPUs": 1, "CPUs": 1}, "1672934853.500902": {"GPUs": 1, "CPUs": 1}, "1672934860.000927": {"GPUs": 1, "CPUs": 1}, "1672934860.500894": {"GPUs": 1, "CPUs": 1}, "1672934862.000908": {"GPUs": 1, "CPUs": 1}, "1672934862.50091": {"GPUs": 1, "CPUs": 1}, "1672934863.500931": {"GPUs": 1, "CPUs": 1}, "1672934864.500896": {"GPUs": 1, "CPUs": 1}, "1672934865.500917": {"GPUs": 1, "CPUs": 1}, "1672934866.000895": {"GPUs": 1, "CPUs": 1}, "1672934866.500893": {"GPUs": 1, "CPUs": 1}, "1672934867.000885": {"GPUs": 1, "CPUs": 2}, "1672934867.500926": {"GPUs": 1, "CPUs": 1}, "1672934868.000904": {"GPUs": 1, "CPUs": 1}, "1672934868.500916": {"GPUs": 1, "CPUs": 1}, "1672934869.000903": {"GPUs": 1, "CPUs": 1}, "1672934874.00091": {"GPUs": 1, "CPUs": 1}, "1672934875.000895": {"GPUs": 1, "CPUs": 1}, "1672934875.500902": {"GPUs": 1, "CPUs": 1}, "1672934878.50091": {"GPUs": 1, "CPUs": 1}, "1672934879.000904": {"GPUs": 1, "CPUs": 1}, "1672934880.000918": {"GPUs": 1, "CPUs": 1}, "1672934880.50092": {"GPUs": 1, "CPUs": 1}, "1672934881.000895": {"GPUs": 1, "CPUs": 1}, "1672934882.500904": {"GPUs": 1, "CPUs": 1}, "1672934883.000919": {"GPUs": 1, "CPUs": 1}, "1672934883.500917": {"GPUs": 1, "CPUs": 1}, "1672934907.500889": {"GPUs": 1, "CPUs": 1}, "1672934908.001021": {"GPUs": 1, "CPUs": 1}, "1672934908.500939": {"GPUs": 1, "CPUs": 1}, "1672934909.000917": {"GPUs": 1, "CPUs": 2}, "1672934910.00093": {"GPUs": 1, "CPUs": 1}, "1672934910.500929": {"GPUs": 1, "CPUs": 1}, "1672934911.000913": {"GPUs": 1, "CPUs": 1}, "1672934911.500877": {"GPUs": 1, "CPUs": 1}, "1672934912.000898": {"GPUs": 1, "CPUs": 1}, "1672934912.501005": {"GPUs": 1, "CPUs": 1}, "1672934913.000933": {"GPUs": 1, "CPUs": 1}, "1672934914.000935": {"GPUs": 1, "CPUs": 1}, "1672934914.500895": {"GPUs": 1, "CPUs": 1}, "1672934915.000955": {"GPUs": 1, "CPUs": 1}, "1672934915.500884": {"GPUs": 1, "CPUs": 1}, "1672934916.000946": {"GPUs": 1, "CPUs": 1}, "1672934917.500892": {"GPUs": 1, "CPUs": 1}, "1672934918.000934": {"GPUs": 1, "CPUs": 1}, "1672934918.500974": {"GPUs": 1, "CPUs": 1}, "1672934919.000937": {"GPUs": 1, "CPUs": 1}, "1672934919.500916": {"GPUs": 1, "CPUs": 1}, "1672934920.000953": {"GPUs": 1, "CPUs": 1}, "1672934920.500915": {"GPUs": 1, "CPUs": 1}, "1672934921.500938": {"GPUs": 1, "CPUs": 1}, "1672934923.000926": {"GPUs": 1, "CPUs": 1}, "1672934923.50095": {"GPUs": 1, "CPUs": 1}, "1672934924.000899": {"GPUs": 1, "CPUs": 1}, "1672934924.50091": {"GPUs": 1, "CPUs": 1}, "1672934925.000896": {"GPUs": 1, "CPUs": 1}, "1672934925.501002": {"GPUs": 1, "CPUs": 1}, "1672934926.500911": {"GPUs": 1, "CPUs": 1}, "1672934927.000917": {"GPUs": 1, "CPUs": 1}, "1672934927.500944": {"GPUs": 1, "CPUs": 1}, "1672934928.000918": {"GPUs": 1, "CPUs": 1}, "1672934928.500983": {"GPUs": 1, "CPUs": 1}, "1672934929.500901": {"GPUs": 1, "CPUs": 1}, "1672934930.000956": {"GPUs": 1, "CPUs": 1}, "1672934930.500933": {"GPUs": 1, "CPUs": 1}, "1672934937.500889": {"GPUs": 1, "CPUs": 1}, "1672934938.000957": {"GPUs": 1, "CPUs": 1}, "1672934939.000935": {"GPUs": 1, "CPUs": 1}, "1672934941.000993": {"GPUs": 1, "CPUs": 1}, "1672934942.50092": {"GPUs": 1, "CPUs": 1}, "1672934944.500937": {"GPUs": 1, "CPUs": 1}, "1672934945.000922": {"GPUs": 1, "CPUs": 1}, "1672934945.500929": {"GPUs": 1, "CPUs": 1}, "1672934946.000937": {"GPUs": 1, "CPUs": 1}, "1672934946.50093": {"GPUs": 1, "CPUs": 1}, "1672934947.000958": {"GPUs": 1, "CPUs": 1}, "1672934947.500975": {"GPUs": 1, "CPUs": 1}, "1672934948.000894": {"GPUs": 1, "CPUs": 1}, "1672934948.500942": {"GPUs": 1, "CPUs": 1}, "1672934949.00091": {"GPUs": 1, "CPUs": 1}, "1672934949.500906": {"GPUs": 1, "CPUs": 1}, "1672934951.00175": {"GPUs": 1, "CPUs": 1}, "1672934953.000907": {"GPUs": 1, "CPUs": 1}, "1672934955.501916": {"GPUs": 1, "CPUs": 1}, "1672934957.001064": {"GPUs": 1, "CPUs": 1}, "1672934961.000929": {"GPUs": 1, "CPUs": 1}, "1672934961.500886": {"GPUs": 1, "CPUs": 1}, "1672934964.50091": {"GPUs": 1, "CPUs": 1}, "1672934965.500923": {"GPUs": 1, "CPUs": 1}, "1672934966.001074": {"GPUs": 1, "CPUs": 1}, "1672934968.000947": {"GPUs": 1, "CPUs": 1}, "1672934970.501045": {"GPUs": 1, "CPUs": 1}, "1672934974.500954": {"GPUs": 1, "CPUs": 1}, "1672934982.501116": {"GPUs": 1, "CPUs": 1}, "1672935757.500912": {"GPUs": 1, "CPUs": 1}, "1672935758.001021": {"GPUs": 1, "CPUs": 1}, "1672935758.500912": {"GPUs": 1, "CPUs": 1}, "1672935759.000906": {"GPUs": 1, "CPUs": 1}, "1672935760.5009": {"GPUs": 1, "CPUs": 1}, "1672935761.00091": {"GPUs": 1, "CPUs": 1}, "1672935761.500913": {"GPUs": 1, "CPUs": 1}, "1672935762.000905": {"GPUs": 1, "CPUs": 1}, "1672935762.500897": {"GPUs": 1, "CPUs": 1}, "1672935763.500954": {"GPUs": 1, "CPUs": 1}, "1672935764.000898": {"GPUs": 1, "CPUs": 1}, "1672935765.000916": {"GPUs": 1, "CPUs": 1}, "1672935765.50092": {"GPUs": 1, "CPUs": 1}, "1672935767.000898": {"GPUs": 1, "CPUs": 1}, "1672935767.500903": {"GPUs": 1, "CPUs": 1},