{"RuleTriggered": 0, "Violations": 0, "Details": {"step_num": {"first": 1672934893088535, "last": 1672938042445398}, "job_start": 1672934626.500777, "job_end": 1672938059.501202}, "Datapoints": 170, "RuleParameters": "threshold:20"}