{"RuleTriggered": 0, "Violations": 0, "Details": {"ratio": {"cpu_functions": 100.0}, "phase": {"Step:ModeKeys.TRAIN": 92.6173494220615, "others": -8.776040257434566, "Step:ModeKeys.EVAL": 16.15869083537306}, "phase_time": {}, "CPU": {"aten::conv2d": 19.321696106678203, "aten::convolution": 19.321000169633233, "aten::_convolution": 19.320030255556574, "aten::mkldnn_convolution": 19.318744029436417, "aten::batch_norm": 6.045992064310882, "aten::_batch_norm_impl_index": 6.045175567262114, "aten::native_batch_norm": 6.0440887580035785, "enumerate(DataLoader)#_SingleProcessDataLoaderIter.__next__": 4.583273049118997}, "CPU_total": {"aten::conv2d": 152893974, "aten::convolution": 152888467, "aten::_convolution": 152880792, "aten::mkldnn_convolution": 152870614, "aten::batch_norm": 47842371, "aten::_batch_norm_impl_index": 47835910, "aten::native_batch_norm": 47827310, "enumerate(DataLoader)#_SingleProcessDataLoaderIter.__next__": 36267770}, "general": {"DataLoaderIterInitialize": 3.2909064771880004e-05, "DataLoaderIter": 1.0385469308773347, "Forward": 98.96142016005788}}, "Datapoints": 0, "RuleParameters": ""}