{"RuleTriggered": 0, "Violations": 0, "Details": {"step_details": {"algo-1-27": {"step_stats": {"mean": 22.460987289655172, "max": 54.469397, "p99": 51.125739760000016, "p95": 36.82023639999999, "p50": 21.143032, "min": 1.564007}, "number_of_outliers": 3, "phase": "Step:ModeKeys.TRAIN", "stddev": 7.2, "probs": [5, 0, 0, 0, 0, 0, 0, 0, 0, 0, 0, 0, 0, 0, 0, 0, 0, 0, 0, 0, 0, 0, 0, 0, 0, 0, 0, 0, 0, 0, 0, 0, 0, 0, 0, 0, 0, 0, 0, 0, 0, 0, 0, 0, 0, 0, 0, 0, 0, 0, 0, 3, 111, 6, 4, 0, 0, 0, 0, 0, 0, 0, 0, 0, 0, 0, 0, 0, 0, 0, 0, 0, 1, 0, 0, 0, 0, 0, 0, 0, 0, 0, 0, 0, 0, 0, 0, 0, 0, 0, 0, 2, 0, 5, 0, 4, 0, 0, 0, 1], "binedges": [1.564007, 1.9359929599999999, 2.30797892, 2.67996488, 3.05195084, 3.4239368, 3.79592276, 4.16790872, 4.53989468, 4.91188064, 5.2838666, 5.6558525600000005, 6.02783852, 6.39982448, 6.77181044, 7.1437964, 7.51578236, 7.88776832, 8.25975428, 8.63174024, 9.0037262, 9.375712159999999, 9.74769812, 10.11968408, 10.49167004, 10.863656, 11.23564196, 11.60762792, 11.97961388, 12.35159984, 12.7235858, 13.09557176, 13.46755772, 13.83954368, 14.21152964, 14.5835156, 14.95550156, 15.32748752, 15.69947348, 16.071459439999998, 16.443445399999998, 16.815431359999998, 17.187417319999998, 17.559403279999998, 17.93138924, 18.3033752, 18.67536116, 19.04734712, 19.41933308, 19.79131904, 20.163305, 20.53529096, 20.90727692, 21.27926288, 21.65124884, 22.0232348, 22.39522076, 22.76720672, 23.13919268, 23.51117864, 23.8831646, 24.25515056, 24.62713652, 24.99912248, 25.37110844, 25.7430944, 26.11508036, 26.48706632, 26.85905228, 27.23103824, 27.6030242, 27.97501016, 28.34699612, 28.71898208, 29.09096804, 29.462954, 29.83493996, 30.20692592, 30.57891188, 30.95089784, 31.3228838, 31.69486976, 32.06685572, 32.438841679999996, 32.81082764, 33.182813599999996, 33.55479956, 33.926785519999996, 34.29877148, 34.670757439999996, 35.0427434, 35.414729359999995, 35.78671532, 36.158701279999995, 36.53068724, 36.902673199999995, 37.27465916, 37.646645119999995, 38.01863108, 38.390617039999995, 38.762603], "step_numbers": ["0", "0", "1"]}}}, "Datapoints": 170, "RuleParameters": "threshold:3\nmode:None\nn_outliers:10\nstddev:3"}